sample,fastq_1,fastq_2,genome
BACW_44,/home/projects/NAVA1/Data/241122_A00902_B_L1-2_BACW-44_R1.fastq.gz,/home/projects/NAVA1/Data/241122_A00902_B_L1-2_BACW-44_R2.fastq.gz,
BACW_46,/home/projects/NAVA1/Data/241122_A00902_B_L1-2_BACW-46_R1.fastq.gz,/home/projects/NAVA1/Data/241122_A00902_B_L1-2_BACW-46_R2.fastq.gz,
BACW_49,/home/projects/NAVA1/Data/241122_A00902_B_L1-2_BACW-49_R1.fastq.gz,/home/projects/NAVA1/Data/241122_A00902_B_L1-2_BACW-49_R2.fastq.gz,
BACW_51,/home/projects/NAVA1/Data/241122_A00902_B_L1-2_BACW-51_R1.fastq.gz,/home/projects/NAVA1/Data/241122_A00902_B_L1-2_BACW-51_R2.fastq.gz,
BACW_52,/home/projects/NAVA1/Data/241122_A00902_B_L1-2_BACW-52_R1.fastq.gz,/home/projects/NAVA1/Data/241122_A00902_B_L1-2_BACW-52_R2.fastq.gz,
BACW_54,/home/projects/NAVA1/Data/241122_A00902_B_L1-2_BACW-54_R1.fastq.gz,/home/projects/NAVA1/Data/241122_A00902_B_L1-2_BACW-54_R2.fastq.gz,
BACW_55,/home/projects/NAVA1/Data/241122_A00902_B_L1-2_BACW-55_R1.fastq.gz,/home/projects/NAVA1/Data/241122_A00902_B_L1-2_BACW-55_R2.fastq.gz,
BACW_57,/home/projects/NAVA1/Data/241122_A00902_B_L1-2_BACW-57_R1.fastq.gz,/home/projects/NAVA1/Data/241122_A00902_B_L1-2_BACW-57_R2.fastq.gz,
BACW_59,/home/projects/NAVA1/Data/241122_A00902_B_L1-2_BACW-59_R1.fastq.gz,/home/projects/NAVA1/Data/241122_A00902_B_L1-2_BACW-59_R2.fastq.gz,
BACW_60,/home/projects/NAVA1/Data/241122_A00902_B_L3-4_BACW-60_R1.fastq.gz,/home/projects/NAVA1/Data/241122_A00902_B_L3-4_BACW-60_R2.fastq.gz,
BACW_61,/home/projects/NAVA1/Data/241122_A00902_B_L3-4_BACW-61_R1.fastq.gz,/home/projects/NAVA1/Data/241122_A00902_B_L3-4_BACW-61_R2.fastq.gz,
BACW_61,/home/projects/NAVA1/Data/250110_A00902_B_L004_BACW-61_R1.fastq.gz,/home/projects/NAVA1/Data/250110_A00902_B_L004_BACW-61_R2.fastq.gz,
BACW_62,/home/projects/NAVA1/Data/241122_A00902_B_L3-4_BACW-62_R1.fastq.gz,/home/projects/NAVA1/Data/241122_A00902_B_L3-4_BACW-62_R2.fastq.gz,
BACW_63,/home/projects/NAVA1/Data/241122_A00902_B_L3-4_BACW-63_R1.fastq.gz,/home/projects/NAVA1/Data/241122_A00902_B_L3-4_BACW-63_R2.fastq.gz,
BACW_64,/home/projects/NAVA1/Data/241122_A00902_B_L3-4_BACW-64_R1.fastq.gz,/home/projects/NAVA1/Data/241122_A00902_B_L3-4_BACW-64_R2.fastq.gz,
